post_id,url
7663408009401421070,https://www.tiktok.com/@ambickk/photo/7663408009401421070
7648704635221462292,https://www.tiktok.com/@ummaxya/photo/7648704635221462292
7670549848248175892,https://www.tiktok.com/@lyolka.lav/photo/7670549848248175892
7636230301877898516,https://www.tiktok.com/@yana_rogova__/photo/7636230301877898516
7670806523739688214,https://www.tiktok.com/@twiksvlogs/photo/7670806523739688214
7645348637584788757,https://www.tiktok.com/@zybrilka777/photo/7645348637584788757
7684637287031852309,https://www.tiktok.com/@aellyase/photo/7684637287031852309
7670813526570683669,https://www.tiktok.com/@linovaa_/photo/7670813526570683669
7676919966985194759,https://www.tiktok.com/@_dashi.ks_/photo/7676919966985194759
7684265707810360584,https://www.tiktok.com/@devushka_eseninsss/photo/7684265707810360584
7676836966003952916,https://www.tiktok.com/@sashuliyyaa/photo/7676836966003952916
7687992049215229216,https://www.tiktok.com/@thealvora/photo/7687992049215229216
7561058086178327826,https://www.tiktok.com/@tolmacheva_fox/photo/7561058086178327826
7562230225539452181,https://www.tiktok.com/@tolmacheva_fox/photo/7562230225539452181
7680508350253092103,https://www.tiktok.com/@foxford/photo/7680508350253092103
7647124410687606034,https://www.tiktok.com/@foxford/photo/7647124410687606034
7680921518070648082,https://www.tiktok.com/@evasya_q/photo/7680921518070648082
7672767028758973703,https://www.tiktok.com/@evasya_q/photo/7672767028758973703
7563023558167809288,https://www.tiktok.com/@evasya_q/photo/7563023558167809288
7673844418784365842,https://www.tiktok.com/@sotoka2/photo/7673844418784365842
7610895348466289951,https://www.tiktok.com/@thesotkatv/photo/7610895348466289951
7689735316965477652,https://www.tiktok.com/@skysmartcomedygmail.com/photo/7689735316965477652
7689591901376253190,https://www.tiktok.com/@skysmartcomedygmail.com/photo/7689591901376253190
7688725252096085269,https://www.tiktok.com/@skysmartcomedygmail.com/photo/7688725252096085269
7688723672680500501,https://www.tiktok.com/@skysmartcomedygmail.com/photo/7688723672680500501
7690275486991174943,https://www.tiktok.com/@katherinkass_7/photo/7690275486991174943
7671646469081877768,https://www.tiktok.com/@itschemistrymydudes/photo/7671646469081877768
7663917128042564885,https://www.tiktok.com/@serovwz/photo/7663917128042564885
7658659622147935509,https://www.tiktok.com/@serovwz/photo/7658659622147935509
7630835899986758932,https://www.tiktok.com/@jull_1209/photo/7630835899986758932
7684608935860440341,https://www.tiktok.com/@ariii_au/photo/7684608935860440341
7676806525880372500,https://www.tiktok.com/@ariii_au/photo/7676806525880372500
7667514416992095509,https://www.tiktok.com/@ariii_au/photo/7667514416992095509
7684626073853742368,https://www.tiktok.com/@kriteriy_ege/photo/7684626073853742368
7684592053761723655,https://www.tiktok.com/@v580or/photo/7684592053761723655
7690268716222680353,https://www.tiktok.com/@kursejofnmz/photo/7690268716222680353
7643065925054270740,https://www.tiktok.com/@sdvg333/photo/7643065925054270740
7688667144435338517,https://www.tiktok.com/@sdvg333/photo/7688667144435338517
7683561396029705479,https://www.tiktok.com/@sasha999778/photo/7683561396029705479
7677246450119544071,https://www.tiktok.com/@sasha999778/photo/7677246450119544071
7648624895999413525,https://www.tiktok.com/@giareal_official/photo/7648624895999413525
7612230780562984225,https://www.tiktok.com/@gramotnost0/photo/7612230780562984225
7673512281409408274,https://www.tiktok.com/@willianllis/photo/7673512281409408274
7632392625001254164,https://www.tiktok.com/@chemical_witch_/photo/7632392625001254164
7682012388798827796,https://www.tiktok.com/@.chemwithme/photo/7682012388798827796
7609271158982200597,https://www.tiktok.com/@mafftae/photo/7609271158982200597
7691325560349330708,https://www.tiktok.com/@tutoronline.ru/photo/7691325560349330708
7636868415449222421,https://www.tiktok.com/@math_proff/photo/7636868415449222421
7691261515747413279,https://www.tiktok.com/@ksushka676767/photo/7691261515747413279
7654882865045343509,https://www.tiktok.com/@meinkurs.eng/photo/7654882865045343509
7678679542264859918,https://www.tiktok.com/@st_studyy/photo/7678679542264859918
7649074441892203808,https://www.tiktok.com/@nastqww6/photo/7649074441892203808
7635654372927573270,https://www.tiktok.com/@history_oge_el/photo/7635654372927573270
7634945167161707798,https://www.tiktok.com/@history_oge_el/photo/7634945167161707798
7668996120231611681,https://www.tiktok.com/@vivvii57/photo/7668996120231611681
7675693403685834004,https://www.tiktok.com/@irina_uchrusege/photo/7675693403685834004
7651255800446438664,https://www.tiktok.com/@studygraam/photo/7651255800446438664
7645323500479155476,https://www.tiktok.com/@sofyikaspeek/photo/7645323500479155476
7639310313300577569,https://www.tiktok.com/@egenalegke.hist/photo/7639310313300577569
7673894793650441505,https://www.tiktok.com/@kotikova_2/photo/7673894793650441505
7636304568048962838,https://www.tiktok.com/@linux16_18/photo/7636304568048962838
7689728740003187976,https://www.tiktok.com/@sonyafacekid/photo/7689728740003187976
7682585290430500127,https://www.tiktok.com/@vyluns/photo/7682585290430500127
7691012469027818759,https://www.tiktok.com/@ravil_obsh/photo/7691012469027818759
7691390830199917831,https://www.tiktok.com/@kalyvan819/photo/7691390830199917831
7624089183807704340,https://www.tiktok.com/@ummaxya/photo/7624089183807704340
7677197875985566983,https://www.tiktok.com/@wanmaxxedits/photo/7677197875985566983
7684405174076542222,https://www.tiktok.com/@emiliajonsan/photo/7684405174076542222
7691779360449252626,https://www.tiktok.com/@vovka_study/photo/7691779360449252626
7668303958275788054,https://www.tiktok.com/@katsstudies/photo/7668303958275788054
7682742690802421013,https://www.tiktok.com/@alisha_shovki3/photo/7682742690802421013
7680972122688179476,https://www.tiktok.com/@kazizovva01/photo/7680972122688179476
7691359273607023893,https://www.tiktok.com/@karimikyteli/photo/7691359273607023893
7686187425785335047,https://www.tiktok.com/@twizzii0/photo/7686187425785335047
7681992574675995911,https://www.tiktok.com/@mellstroyfan079/photo/7681992574675995911
7689453052520123668,https://www.tiktok.com/@sofkakh/photo/7689453052520123668
7691310200334208257,https://www.tiktok.com/@zakkiay/photo/7691310200334208257
7673952949453737229,https://www.tiktok.com/@users28122013/photo/7673952949453737229
7690936791641115924,https://www.tiktok.com/@kseniixxc5/photo/7690936791641115924
7688635752963493153,https://www.tiktok.com/@kseniya_vuzline/photo/7688635752963493153
7664295859990940949,https://www.tiktok.com/@himbimka/photo/7664295859990940949
7686791591016697108,https://www.tiktok.com/@kateshovka/photo/7686791591016697108
7691301608012909846,https://www.tiktok.com/@abdulloeva.albi/photo/7691301608012909846
7674965276034682120,https://www.tiktok.com/@julrt3/photo/7674965276034682120
7626099703913991446,https://www.tiktok.com/@anichkk_babe/photo/7626099703913991446
7676607035001031944,https://www.tiktok.com/@wanmaxxedits/photo/7676607035001031944
7681679088850832662,https://www.tiktok.com/@lqrvp0/photo/7681679088850832662
7674746887118802194,https://www.tiktok.com/@imnat.v/photo/7674746887118802194
7654237249848249620,https://www.tiktok.com/@stesh0k/photo/7654237249848249620
7689494628231286037,https://www.tiktok.com/@theinterize/photo/7689494628231286037
7689141710315621650,https://www.tiktok.com/@_vr___________/photo/7689141710315621650
7672814567449201937,https://www.tiktok.com/@aliaswqssgs/photo/7672814567449201937
7651584671758732551,https://www.tiktok.com/@insider_study/photo/7651584671758732551
7656336100239232276,https://www.tiktok.com/@lil.aal/photo/7656336100239232276
7646540559988886805,https://www.tiktok.com/@pimial0/photo/7646540559988886805
7667927780344073490,https://www.tiktok.com/@mallugin/photo/7667927780344073490
7676037683377868053,https://www.tiktok.com/@ege_russky/photo/7676037683377868053
7675303006279044360,https://www.tiktok.com/@tem_1god/photo/7675303006279044360
7683438311247367444,https://www.tiktok.com/@qazaq_lenta/photo/7683438311247367444
7642405073016048903,https://www.tiktok.com/@gg_sdd0/photo/7642405073016048903
7654129539056192790,https://www.tiktok.com/@lookme.me/photo/7654129539056192790
7691709209355898126,https://www.tiktok.com/@exponentamath/photo/7691709209355898126
7654139808884788498,https://www.tiktok.com/@shoyo_hinata_4/photo/7654139808884788498
7653018138631490830,https://www.tiktok.com/@dj1mnao/photo/7653018138631490830
7688994348054088961,https://www.tiktok.com/@vasya_pvp25/photo/7688994348054088961
7663450909703245077,https://www.tiktok.com/@adicpol/photo/7663450909703245077
7650597495243803922,https://www.tiktok.com/@xandieviii/photo/7650597495243803922
7678415702826552584,https://www.tiktok.com/@nooschool8/photo/7678415702826552584
7689867485155233037,https://www.tiktok.com/@egeilch/photo/7689867485155233037
7657908637708422433,https://www.tiktok.com/@maisonkss/photo/7657908637708422433
7666079844941221142,https://www.tiktok.com/@linux16_18/photo/7666079844941221142
7636091748669754644,https://www.tiktok.com/@ummaxya/photo/7636091748669754644
7585925939029167381,https://www.tiktok.com/@glow_wowww/photo/7585925939029167381
7678385090250099989,https://www.tiktok.com/@theksyucher/photo/7678385090250099989
7679810284822727957,https://www.tiktok.com/@alinazltv/photo/7679810284822727957
7674399333487365409,https://www.tiktok.com/@olimpiadnik_com/photo/7674399333487365409
7677142947262991636,https://www.tiktok.com/@alinazltv/photo/7677142947262991636
7680717087974690056,https://www.tiktok.com/@_ksuxa.a_/photo/7680717087974690056
7671284211159960850,https://www.tiktok.com/@maworla_/photo/7671284211159960850
7669881510215863572,https://www.tiktok.com/@lil.aal/photo/7669881510215863572
7673882121089469728,https://www.tiktok.com/@proforientolog_is/photo/7673882121089469728
7682406763173711111,https://www.tiktok.com/@letouxjs/photo/7682406763173711111
7656047902422355233,https://www.tiktok.com/@postupl2027/photo/7656047902422355233
7681770774159510792,https://www.tiktok.com/@ladada_dvi_mgimo/photo/7681770774159510792
7676400241251192072,https://www.tiktok.com/@litvinskiiy/photo/7676400241251192072
7675371076054191381,https://www.tiktok.com/@_store96_/photo/7675371076054191381
7677586571171876128,https://www.tiktok.com/@colledgerssu/photo/7677586571171876128
7675787449393564936,https://www.tiktok.com/@_notcon_/photo/7675787449393564936
7676810684839054600,https://www.tiktok.com/@niki_kalach/photo/7676810684839054600
7660179009556483349,https://www.tiktok.com/@pmnkvveronica/photo/7660179009556483349
7677996799914855701,https://www.tiktok.com/@speaksmart_md/photo/7677996799914855701
7677244735899143445,https://www.tiktok.com/@speaksmart_md/photo/7677244735899143445
7677615201427918100,https://www.tiktok.com/@speaksmart_md/photo/7677615201427918100
7664967072467668231,https://www.tiktok.com/@repetitor__julia/photo/7664967072467668231
7674215039842143496,https://www.tiktok.com/@dionshek/photo/7674215039842143496
7671216651215342869,https://www.tiktok.com/@kishkissw/photo/7671216651215342869
7654530096757263637,https://www.tiktok.com/@heurekatime/photo/7654530096757263637
7653426955559177492,https://www.tiktok.com/@panszina/photo/7653426955559177492
7673029183853088018,https://www.tiktok.com/@saanovna/photo/7673029183853088018
7673546184903904533,https://www.tiktok.com/@imannakan.1/photo/7673546184903904533
7660572452480617749,https://www.tiktok.com/@11ae_5mektep/photo/7660572452480617749
7659003556992732437,https://www.tiktok.com/@yernur.paizkhan/photo/7659003556992732437
7679134041345510676,https://www.tiktok.com/@swwbeitan/photo/7679134041345510676
7614875634073996562,https://www.tiktok.com/@ace.for.students/photo/7614875634073996562
7671268435732483336,https://www.tiktok.com/@medi_pups/photo/7671268435732483336
7657882689441205512,https://www.tiktok.com/@_v.vvtory/photo/7657882689441205512
7681371772024884488,https://www.tiktok.com/@anastasiakdd/photo/7681371772024884488
7682165166041058581,https://www.tiktok.com/@anastasia20091907/photo/7682165166041058581
7631546327251340566,https://www.tiktok.com/@r_bishkek_/photo/7631546327251340566
7675589152439635208,https://www.tiktok.com/@anna_beerkzzz/photo/7675589152439635208
7676876500766919969,https://www.tiktok.com/@egehuck/photo/7676876500766919969
7679690921692155156,https://www.tiktok.com/@hikarryc36b/photo/7679690921692155156
7661284046143589665,https://www.tiktok.com/@ican2227/photo/7661284046143589665
7652028696106208545,https://www.tiktok.com/@ican2227/photo/7652028696106208545
7687104761136565526,https://www.tiktok.com/@aliibabbaaa1/photo/7687104761136565526
7682083730625776918,https://www.tiktok.com/@aliibabbaaa1/photo/7682083730625776918
7664312400333589792,https://www.tiktok.com/@ican2227/photo/7664312400333589792
7690232279674703125,https://www.tiktok.com/@arishaad1/photo/7690232279674703125
7687918179460386068,https://www.tiktok.com/@arishaad1/photo/7687918179460386068
7654523797483162912,https://www.tiktok.com/@sonya_study3/photo/7654523797483162912
7681981924042099990,https://www.tiktok.com/@aliibabbaaa1/photo/7681981924042099990
7686244846121651478,https://www.tiktok.com/@aliibabbaaa1/photo/7686244846121651478
7685417698234354961,https://www.tiktok.com/@_dashns/photo/7685417698234354961
7679712910788005121,https://www.tiktok.com/@_dashns/photo/7679712910788005121
7578452393856093452,https://www.tiktok.com/@razumiraysen/photo/7578452393856093452
7679505138532306192,https://www.tiktok.com/@_dashns/photo/7679505138532306192
7679009678394658049,https://www.tiktok.com/@_dashns/photo/7679009678394658049
7685610066824973588,https://www.tiktok.com/@sekond_mirosha/photo/7685610066824973588
7687292694485355783,https://www.tiktok.com/@nezxchkaa/photo/7687292694485355783
7682360150941879574,https://www.tiktok.com/@aliibabbaaa1/photo/7682360150941879574
7691713064063814932,https://www.tiktok.com/@arishaad1/photo/7691713064063814932
7690811020528389397,https://www.tiktok.com/@arishaad1/photo/7690811020528389397
7688274624798395669,https://www.tiktok.com/@arishaad1/photo/7688274624798395669
7665302738984684821,https://www.tiktok.com/@jitaur3/photo/7665302738984684821
7679821767774326033,https://www.tiktok.com/@_dashns/photo/7679821767774326033
7680947856299019536,https://www.tiktok.com/@_dashns/photo/7680947856299019536
7690802828956273940,https://www.tiktok.com/@arishaad1/photo/7690802828956273940
7663770564175203604,https://www.tiktok.com/@jitaur3/photo/7663770564175203604
7684697382646271233,https://www.tiktok.com/@_dashns/photo/7684697382646271233
7681634888419822851,https://www.tiktok.com/@aliibabbaaa1/photo/7681634888419822851
7684556913010330902,https://www.tiktok.com/@aliibabbaaa1/photo/7684556913010330902
7681418675181866243,https://www.tiktok.com/@aliibabbaaa1/photo/7681418675181866243
7662029213909667104,https://www.tiktok.com/@sonka_monina/photo/7662029213909667104
7661963897527831810,https://www.tiktok.com/@sparkl676/photo/7661963897527831810
7688380563736038677,https://www.tiktok.com/@leraholeraaaa03/photo/7688380563736038677
7689497410992688397,https://www.tiktok.com/@st_studyy/photo/7689497410992688397
7691623246118112542,https://www.tiktok.com/@emiliajonsan/photo/7691623246118112542
7683473191368576276,https://www.tiktok.com/@leraholeraaaa03/photo/7683473191368576276
7689068939472637197,https://www.tiktok.com/@username84627191/photo/7689068939472637197
7682758468444507399,https://www.tiktok.com/@himekxx/photo/7682758468444507399
7686251312144518432,https://www.tiktok.com/@egehuck/photo/7686251312144518432
7684378665815117088,https://www.tiktok.com/@study.with.me540/photo/7684378665815117088
7675393002784738580,https://www.tiktok.com/@studyege27/photo/7675393002784738580
7681971320711695649,https://www.tiktok.com/@yamafceyuwb/photo/7681971320711695649
7684666019939437831,https://www.tiktok.com/@poliiish/photo/7684666019939437831
7589657604494904579,https://www.tiktok.com/@egekill1/photo/7589657604494904579
7676123154124770593,https://www.tiktok.com/@yarosliiiiva/photo/7676123154124770593
7677995078756912415,https://www.tiktok.com/@montag230/photo/7677995078756912415
7689588139232480533,https://www.tiktok.com/@elinka_aa9/photo/7689588139232480533
7662009363577441554,https://www.tiktok.com/@maybe.rrtqw/photo/7662009363577441554
